TRUNCATE TABLE tag;
TRUNCATE TABLE video_tag;
TRUNCATE TABLE theme;
TRUNCATE TABLE video_theme;
TRUNCATE TABLE video;

/********************************* VIDEOS **************************************/

/* videos Youtube PHP*/
INSERT INTO `video` (`idVideo`, `titleVideo`, `durationVideo`, `priceVideo`, `descriptionVideo`, `urlVideo`,`thumbnailVideo`, `authorVideo`) VALUES (NULL, 'La POO en PHP (1/31) : Présentation', '78', '0', 'Présentation de la formation', 'https://www.youtube.com/embed/r_NiFqLvfsc','https://img.youtube.com/vi/r_NiFqLvfsc/sddefault.jpg' ,'Grafikart');
INSERT INTO `video` (`idVideo`, `titleVideo`, `durationVideo`, `priceVideo`, `descriptionVideo`, `urlVideo`,`thumbnailVideo`, `authorVideo`) VALUES (NULL, 'La POO en PHP (2/31) : Les objets, c''est quoi ?', '433', '0', '...', 'https://www.youtube.com/embed/cD2o7YudR3k','https://img.youtube.com/vi/cD2o7YudR3k/sddefault.jpg', 'Grafikart');
INSERT INTO `video` (`idVideo`, `titleVideo`, `durationVideo`, `priceVideo`, `descriptionVideo`, `urlVideo`,`thumbnailVideo`, `authorVideo`) VALUES (NULL, 'La POO en PHP (3/31) : Notre première classe', '1277', '0', '...', 'https://www.youtube.com/embed/xmoOvoiPNhU','https://img.youtube.com/vi/xmoOvoiPNhU/sddefault.jpg', 'Grafikart');
INSERT INTO `video` (`idVideo`, `titleVideo`, `durationVideo`, `priceVideo`, `descriptionVideo`, `urlVideo`,`thumbnailVideo`, `authorVideo`) VALUES (NULL, 'La POO en PHP (4/31) : La visibilité public / private', '420', '0', '...', 'https://www.youtube.com/embed/zZ_tVAPfGAA','https://img.youtube.com/vi/zZ_tVAPfGAA/sddefault.jpg', 'Grafikart');
INSERT INTO `video` (`idVideo`, `titleVideo`, `durationVideo`, `priceVideo`, `descriptionVideo`, `urlVideo`,`thumbnailVideo`, `authorVideo`) VALUES (NULL, 'La POO en PHP (5/31) : Un exemple concret : Form', '675', '0', '...', 'https://www.youtube.com/embed/rTGmcdFAWqw', 'https://img.youtube.com/vi/rTGmcdFAWqw/sddefault.jpg','Grafikart');
INSERT INTO `video` (`idVideo`, `titleVideo`, `durationVideo`, `priceVideo`, `descriptionVideo`, `urlVideo`,`thumbnailVideo`, `authorVideo`) VALUES (NULL, 'La POO en PHP (6/31) : Bien documenter ses classes', '302', '0', '...', 'https://www.youtube.com/embed/KAL1vJtHces','https://img.youtube.com/vi/KAL1vJtHces/sddefault.jpg', 'Grafikart');
INSERT INTO `video` (`idVideo`, `titleVideo`, `durationVideo`, `priceVideo`, `descriptionVideo`, `urlVideo`,`thumbnailVideo`, `authorVideo`) VALUES (NULL, 'La POO en PHP (7/31) : Propriétés et Méthodes statiques', '640', '0', '...', 'https://www.youtube.com/embed/KAL1vJtHces', 'https://img.youtube.com/vi/KAL1vJtHces/sddefault.jpg','Grafikart');
INSERT INTO `video` (`idVideo`, `titleVideo`, `durationVideo`, `priceVideo`, `descriptionVideo`, `urlVideo`,`thumbnailVideo`, `authorVideo`) VALUES (NULL, 'La POO en PHP (8/31) : L''héritage', '452', '0', '...', 'https://www.youtube.com/embed/ccuoGgWz5Do','https://img.youtube.com/vi/ccuoGgWz5Do/sddefault.jpg', 'Grafikart');
INSERT INTO `video` (`idVideo`, `titleVideo`, `durationVideo`, `priceVideo`, `descriptionVideo`, `urlVideo`,`thumbnailVideo`, `authorVideo`) VALUES (NULL, 'La POO en PHP (9/31) : Exemple d''héritage', '329', '0', '...', 'https://www.youtube.com/embed/GCjDC5-a8fM','https://img.youtube.com/vi/GCjDC5-a8fM/sddefault.jpg', 'Grafikart');
INSERT INTO `video` (`idVideo`, `titleVideo`, `durationVideo`, `priceVideo`, `descriptionVideo`, `urlVideo`,`thumbnailVideo`, `authorVideo`) VALUES (NULL, 'La POO en PHP (10/31) : L''autoloading', '382', '0', '...', 'https://www.youtube.com/embed/BzJltEYYbMo','https://img.youtube.com/vi/BzJltEYYbMo/sddefault.jpg', 'Grafikart');
INSERT INTO `video` (`idVideo`, `titleVideo`, `durationVideo`, `priceVideo`, `descriptionVideo`, `urlVideo`,`thumbnailVideo`, `authorVideo`) VALUES (NULL, 'La POO en PHP (11/31) : Les namespaces', '904', '0', '...', 'https://www.youtube.com/embed/dV4jgx5b4gk','https://img.youtube.com/vi/dV4jgx5b4gk/sddefault.jpg', 'Grafikart');
INSERT INTO `video` (`idVideo`, `titleVideo`, `durationVideo`, `priceVideo`, `descriptionVideo`, `urlVideo`,`thumbnailVideo`, `authorVideo`) VALUES (NULL, 'La POO en PHP (12/31) : TP : La structure', '700', '0', '...', 'https://www.youtube.com/embed/sqiP39cH5K4','https://img.youtube.com/vi/sqiP39cH5K4/sddefault.jpg', 'Grafikart');
INSERT INTO `video` (`idVideo`, `titleVideo`, `durationVideo`, `priceVideo`, `descriptionVideo`, `urlVideo`,`thumbnailVideo`, `authorVideo`) VALUES (NULL, 'La POO en PHP (13/31) : TP : Connexion à la base de donnée', '2284', '0', '...', 'https://www.youtube.com/embed/weE2adYHPG0','https://img.youtube.com/vi/weE2adYHPG0/sddefault.jpg', 'Grafikart');
INSERT INTO `video` (`idVideo`, `titleVideo`, `durationVideo`, `priceVideo`, `descriptionVideo`, `urlVideo`,`thumbnailVideo`, `authorVideo`) VALUES (NULL, 'La POO en PHP (14/31) : TP : Création des classes Table', '2344', '0', '...', 'https://www.youtube.com/embed/3pACUHqop9U','https://img.youtube.com/vi/3pACUHqop9U/sddefault.jpg', 'Grafikart');
INSERT INTO `video` (`idVideo`, `titleVideo`, `durationVideo`, `priceVideo`, `descriptionVideo`, `urlVideo`,`thumbnailVideo`, `authorVideo`) VALUES (NULL, 'La POO en PHP (15/31) : TP : Problèmes d''organisation', '119', '0', '...', 'https://www.youtube.com/embed/8ylOLaKPkB8', 'https://img.youtube.com/vi/8ylOLaKPkB8/sddefault.jpg','Grafikart');

/* videos Youtube JAVASCRIPT*/

INSERT INTO `video` (`idVideo`, `titleVideo`, `durationVideo`, `priceVideo`, `descriptionVideo`, `urlVideo`,`thumbnailVideo`, `authorVideo`) VALUES (NULL, 'COURS COMPLET JAVASCRIPT [1/65] - Présentation du cours JavaScript', '108', '0', 'Présentation de la formation', 'https://www.youtube.com/embed/VZLflMqC6dI','https://img.youtube.com/vi/VZLflMqC6dI/sddefault.jpg', 'Pierre Giraud');
INSERT INTO `video` (`idVideo`, `titleVideo`, `durationVideo`, `priceVideo`, `descriptionVideo`, `urlVideo`,`thumbnailVideo`, `authorVideo`) VALUES (NULL, 'COURS COMPLET JAVASCRIPT [2/65] - Introduction au JavaScript', '200', '0', '...', 'https://www.youtube.com/embed/lDO14MA0C_o','https://img.youtube.com/vi/lDO14MA0C_o/sddefault.jpg', 'Pierre Giraud');
INSERT INTO `video` (`idVideo`, `titleVideo`, `durationVideo`, `priceVideo`, `descriptionVideo`, `urlVideo`,`thumbnailVideo`, `authorVideo`) VALUES (NULL, 'COURS COMPLET JAVASCRIPT [3/65] - Environnement de travail', '92', '0', '...', 'https://www.youtube.com/embed/dNIJUmjZeMI','https://img.youtube.com/vi/dNIJUmjZeMI/sddefault.jpg', 'Pierre Giraud');
INSERT INTO `video` (`idVideo`, `titleVideo`, `durationVideo`, `priceVideo`, `descriptionVideo`, `urlVideo`,`thumbnailVideo`, `authorVideo`) VALUES (NULL, 'COURS COMPLET JAVASCRIPT [4/65] - Où écrire le code JavaScript', '576', '0', '...', 'https://www.youtube.com/embed/gpdierJ5-kw', 'https://img.youtube.com/vi/gpdierJ5-kw/sddefault.jpg','Pierre Giraud');
INSERT INTO `video` (`idVideo`, `titleVideo`, `durationVideo`, `priceVideo`, `descriptionVideo`, `urlVideo`,`thumbnailVideo`, `authorVideo`) VALUES (NULL, 'COURS COMPLET JAVASCRIPT [5/65] - Syntaxe, indentation et commentaires', '450', '0', '...', 'https://www.youtube.com/embed/AtUwagcoDL8', 'https://img.youtube.com/vi/AtUwagcoDL8/sddefault.jpg','Pierre Giraud');

/*********************************** TAG *****************************************/

INSERT INTO `tag` (`idTag`, `titleTag`) VALUES (NULL, 'prog');
INSERT INTO `tag` (`idTag`, `titleTag`) VALUES (NULL, 'objet');
INSERT INTO `tag` (`idTag`, `titleTag`) VALUES (NULL, 'poo');
INSERT INTO `tag` (`idTag`, `titleTag`) VALUES (NULL, 'php');
INSERT INTO `tag` (`idTag`, `titleTag`) VALUES (NULL, 'javascript');


/************************************ VIDEO_TAG ************************************/

/* videos Youtube PHP*/
INSERT INTO `video_tag` (`idTag`, `idVideo`) VALUES ('1', '1');
INSERT INTO `video_tag` (`idTag`, `idVideo`) VALUES ('1', '2');
INSERT INTO `video_tag` (`idTag`, `idVideo`) VALUES ('1', '3');
INSERT INTO `video_tag` (`idTag`, `idVideo`) VALUES ('1', '4');
INSERT INTO `video_tag` (`idTag`, `idVideo`) VALUES ('1', '5');
INSERT INTO `video_tag` (`idTag`, `idVideo`) VALUES ('1', '6');
INSERT INTO `video_tag` (`idTag`, `idVideo`) VALUES ('1', '7');
INSERT INTO `video_tag` (`idTag`, `idVideo`) VALUES ('1', '8');
INSERT INTO `video_tag` (`idTag`, `idVideo`) VALUES ('1', '9');
INSERT INTO `video_tag` (`idTag`, `idVideo`) VALUES ('1', '10');
INSERT INTO `video_tag` (`idTag`, `idVideo`) VALUES ('1', '11');
INSERT INTO `video_tag` (`idTag`, `idVideo`) VALUES ('1', '12');
INSERT INTO `video_tag` (`idTag`, `idVideo`) VALUES ('1', '13');
INSERT INTO `video_tag` (`idTag`, `idVideo`) VALUES ('1', '14');
INSERT INTO `video_tag` (`idTag`, `idVideo`) VALUES ('1', '15');
INSERT INTO `video_tag` (`idTag`, `idVideo`) VALUES ('1', '16');
INSERT INTO `video_tag` (`idTag`, `idVideo`) VALUES ('1', '17');
INSERT INTO `video_tag` (`idTag`, `idVideo`) VALUES ('1', '18');
INSERT INTO `video_tag` (`idTag`, `idVideo`) VALUES ('1', '19');
INSERT INTO `video_tag` (`idTag`, `idVideo`) VALUES ('1', '20');


INSERT INTO `video_tag` (`idTag`, `idVideo`) VALUES ('2', '1');
INSERT INTO `video_tag` (`idTag`, `idVideo`) VALUES ('2', '2');
INSERT INTO `video_tag` (`idTag`, `idVideo`) VALUES ('2', '3');
INSERT INTO `video_tag` (`idTag`, `idVideo`) VALUES ('2', '4');
INSERT INTO `video_tag` (`idTag`, `idVideo`) VALUES ('2', '5');
INSERT INTO `video_tag` (`idTag`, `idVideo`) VALUES ('2', '6');
INSERT INTO `video_tag` (`idTag`, `idVideo`) VALUES ('2', '7');
INSERT INTO `video_tag` (`idTag`, `idVideo`) VALUES ('2', '8');
INSERT INTO `video_tag` (`idTag`, `idVideo`) VALUES ('2', '9');
INSERT INTO `video_tag` (`idTag`, `idVideo`) VALUES ('2', '10');
INSERT INTO `video_tag` (`idTag`, `idVideo`) VALUES ('2', '11');
INSERT INTO `video_tag` (`idTag`, `idVideo`) VALUES ('2', '12');
INSERT INTO `video_tag` (`idTag`, `idVideo`) VALUES ('2', '13');
INSERT INTO `video_tag` (`idTag`, `idVideo`) VALUES ('2', '14');
INSERT INTO `video_tag` (`idTag`, `idVideo`) VALUES ('2', '15');

INSERT INTO `video_tag` (`idTag`, `idVideo`) VALUES ('3', '1');
INSERT INTO `video_tag` (`idTag`, `idVideo`) VALUES ('3', '2');
INSERT INTO `video_tag` (`idTag`, `idVideo`) VALUES ('3', '3');
INSERT INTO `video_tag` (`idTag`, `idVideo`) VALUES ('3', '4');
INSERT INTO `video_tag` (`idTag`, `idVideo`) VALUES ('3', '5');
INSERT INTO `video_tag` (`idTag`, `idVideo`) VALUES ('3', '6');
INSERT INTO `video_tag` (`idTag`, `idVideo`) VALUES ('3', '7');
INSERT INTO `video_tag` (`idTag`, `idVideo`) VALUES ('3', '8');
INSERT INTO `video_tag` (`idTag`, `idVideo`) VALUES ('3', '9');
INSERT INTO `video_tag` (`idTag`, `idVideo`) VALUES ('3', '10');
INSERT INTO `video_tag` (`idTag`, `idVideo`) VALUES ('3', '11');
INSERT INTO `video_tag` (`idTag`, `idVideo`) VALUES ('3', '12');
INSERT INTO `video_tag` (`idTag`, `idVideo`) VALUES ('3', '13');
INSERT INTO `video_tag` (`idTag`, `idVideo`) VALUES ('3', '14');
INSERT INTO `video_tag` (`idTag`, `idVideo`) VALUES ('3', '15');

INSERT INTO `video_tag` (`idTag`, `idVideo`) VALUES ('4', '1');
INSERT INTO `video_tag` (`idTag`, `idVideo`) VALUES ('4', '2');
INSERT INTO `video_tag` (`idTag`, `idVideo`) VALUES ('4', '3');
INSERT INTO `video_tag` (`idTag`, `idVideo`) VALUES ('4', '4');
INSERT INTO `video_tag` (`idTag`, `idVideo`) VALUES ('4', '5');
INSERT INTO `video_tag` (`idTag`, `idVideo`) VALUES ('4', '6');
INSERT INTO `video_tag` (`idTag`, `idVideo`) VALUES ('4', '7');
INSERT INTO `video_tag` (`idTag`, `idVideo`) VALUES ('4', '8');
INSERT INTO `video_tag` (`idTag`, `idVideo`) VALUES ('4', '9');
INSERT INTO `video_tag` (`idTag`, `idVideo`) VALUES ('4', '10');
INSERT INTO `video_tag` (`idTag`, `idVideo`) VALUES ('4', '11');
INSERT INTO `video_tag` (`idTag`, `idVideo`) VALUES ('4', '12');
INSERT INTO `video_tag` (`idTag`, `idVideo`) VALUES ('4', '13');
INSERT INTO `video_tag` (`idTag`, `idVideo`) VALUES ('4', '14');
INSERT INTO `video_tag` (`idTag`, `idVideo`) VALUES ('4', '15');

/* videos Youtube JAVASCRIPT*/

INSERT INTO `video_tag` (`idTag`, `idVideo`) VALUES ('5', '16');
INSERT INTO `video_tag` (`idTag`, `idVideo`) VALUES ('5', '17');
INSERT INTO `video_tag` (`idTag`, `idVideo`) VALUES ('5', '18');
INSERT INTO `video_tag` (`idTag`, `idVideo`) VALUES ('5', '19');
INSERT INTO `video_tag` (`idTag`, `idVideo`) VALUES ('5', '20');


/**************************************** THEME *********************************/

INSERT INTO `theme` (`idTheme`, `titleTheme`) VALUES (NULL, 'PHP');
INSERT INTO `theme` (`idTheme`, `titleTheme`) VALUES (NULL, 'JAVASCRIPT');

/**************************************** VIDEO_THEME **************************************/

INSERT INTO `video_theme` (`idVideo`, `idTheme`) VALUES ('1', '1');
INSERT INTO `video_theme` (`idVideo`, `idTheme`) VALUES ('2', '1');
INSERT INTO `video_theme` (`idVideo`, `idTheme`) VALUES ('3', '1');
INSERT INTO `video_theme` (`idVideo`, `idTheme`) VALUES ('4', '1');
INSERT INTO `video_theme` (`idVideo`, `idTheme`) VALUES ('5', '1');
INSERT INTO `video_theme` (`idVideo`, `idTheme`) VALUES ('6', '1');
INSERT INTO `video_theme` (`idVideo`, `idTheme`) VALUES ('7', '1');
INSERT INTO `video_theme` (`idVideo`, `idTheme`) VALUES ('8', '1');
INSERT INTO `video_theme` (`idVideo`, `idTheme`) VALUES ('9', '1');
INSERT INTO `video_theme` (`idVideo`, `idTheme`) VALUES ('10', '1');
INSERT INTO `video_theme` (`idVideo`, `idTheme`) VALUES ('11', '1');
INSERT INTO `video_theme` (`idVideo`, `idTheme`) VALUES ('12', '1');
INSERT INTO `video_theme` (`idVideo`, `idTheme`) VALUES ('13', '1');
INSERT INTO `video_theme` (`idVideo`, `idTheme`) VALUES ('14', '1');
INSERT INTO `video_theme` (`idVideo`, `idTheme`) VALUES ('15', '1');

INSERT INTO `video_theme` (`idVideo`, `idTheme`) VALUES ('16', '2');
INSERT INTO `video_theme` (`idVideo`, `idTheme`) VALUES ('17', '2');
INSERT INTO `video_theme` (`idVideo`, `idTheme`) VALUES ('18', '2');
INSERT INTO `video_theme` (`idVideo`, `idTheme`) VALUES ('19', '2');
INSERT INTO `video_theme` (`idVideo`, `idTheme`) VALUES ('20', '2');


/*****************************ABONNEMENTS**********************************************/
INSERT INTO `subscription` (`priceSubscription`, `durationSubscription`, `typeSubscription`, `nbDaysTrial`) VALUES ('10', '30','1',null);
INSERT INTO `subscription` (`priceSubscription`, `durationSubscription`, `typeSubscription`, `nbDaysTrial`) VALUES ('20', '60','2',null);
INSERT INTO `subscription` (`priceSubscription`, `durationSubscription`, `typeSubscription`, `nbDaysTrial`) VALUES ('30', '90','3',null);