TRUNCATE TABLE tag;
TRUNCATE TABLE video_tag;
TRUNCATE TABLE theme;
TRUNCATE TABLE video_theme;
TRUNCATE TABLE video;

/********************************* VIDEOS **************************************/

/* videos Youtube PHP*/
INSERT INTO `video` (`idVideo`, `titleVideo`, `durationVideo`, `priceVideo`, `descriptionVideo`, `urlVideo`,`idYoutube`, `authorVideo`) VALUES (NULL, 'La POO en PHP (1/31) : Présentation', '78', '0', 'Présentation de la formation', null,'r_NiFqLvfsc' ,'Grafikart');
INSERT INTO `video` (`idVideo`, `titleVideo`, `durationVideo`, `priceVideo`, `descriptionVideo`, `urlVideo`,`idYoutube`, `authorVideo`) VALUES (NULL, 'La POO en PHP (2/31) : Les objets, c''est quoi ?', ' 33', '0', '...', null,'cD2o7YudR3k', 'Grafikart');
INSERT INTO `video` (`idVideo`, `titleVideo`, `durationVideo`, `priceVideo`, `descriptionVideo`, `urlVideo`,`idYoutube`, `authorVideo`) VALUES (NULL, 'La POO en PHP (3/31) : Notre première classe', '1277', '0', '...', null,'xmoOvoiPNhU', 'Grafikart');
INSERT INTO `video` (`idVideo`, `titleVideo`, `durationVideo`, `priceVideo`, `descriptionVideo`, `urlVideo`,`idYoutube`, `authorVideo`) VALUES (NULL, 'La POO en PHP (4/31) : La visibilité public / private', '420', '0', '...', null,'zZ_tVAPfGAA', 'Grafikart');
INSERT INTO `video` (`idVideo`, `titleVideo`, `durationVideo`, `priceVideo`, `descriptionVideo`, `urlVideo`,`idYoutube`, `authorVideo`) VALUES (NULL, 'La POO en PHP (5/31) : Un exemple concret : Form', '675', '0', '...', null,'rTGmcdFAWqw','Grafikart');
INSERT INTO `video` (`idVideo`, `titleVideo`, `durationVideo`, `priceVideo`, `descriptionVideo`, `urlVideo`,`idYoutube`, `authorVideo`) VALUES (NULL, 'La POO en PHP (6/31) : Bien documenter ses classes', '302', '0', '...', null,'KAL1vJtHces', 'Grafikart');
INSERT INTO `video` (`idVideo`, `titleVideo`, `durationVideo`, `priceVideo`, `descriptionVideo`, `urlVideo`,`idYoutube`, `authorVideo`) VALUES (NULL, 'La POO en PHP (7/31) : Propriétés et Méthodes statiques', '640', '0', '...', null,'KAL1vJtHces','Grafikart');
INSERT INTO `video` (`idVideo`, `titleVideo`, `durationVideo`, `priceVideo`, `descriptionVideo`, `urlVideo`,`idYoutube`, `authorVideo`) VALUES (NULL, 'La POO en PHP (8/31) : L''héritage', '452', '0', '...', null,'ccuoGgWz5Do', 'Grafikart');
INSERT INTO `video` (`idVideo`, `titleVideo`, `durationVideo`, `priceVideo`, `descriptionVideo`, `urlVideo`,`idYoutube`, `authorVideo`) VALUES (NULL, 'La POO en PHP (9/31) : Exemple d''héritage', '329', '0', '...', null,'GCjDC5-a8fM', 'Grafikart');
INSERT INTO `video` (`idVideo`, `titleVideo`, `durationVideo`, `priceVideo`, `descriptionVideo`, `urlVideo`,`idYoutube`, `authorVideo`) VALUES (NULL, 'La POO en PHP (10/31) : L''autoloading', '382', '0', '...', null,'BzJltEYYbMo', 'Grafikart');
INSERT INTO `video` (`idVideo`, `titleVideo`, `durationVideo`, `priceVideo`, `descriptionVideo`, `urlVideo`,`idYoutube`, `authorVideo`) VALUES (NULL, 'La POO en PHP (11/31) : Les namespaces', '904', '0', '...', null,'dV4jgx5b4gk', 'Grafikart');
INSERT INTO `video` (`idVideo`, `titleVideo`, `durationVideo`, `priceVideo`, `descriptionVideo`, `urlVideo`,`idYoutube`, `authorVideo`) VALUES (NULL, 'La POO en PHP (12/31) : TP : La structure', '700', '0', '...', null,'sqiP39cH5K4', 'Grafikart');
INSERT INTO `video` (`idVideo`, `titleVideo`, `durationVideo`, `priceVideo`, `descriptionVideo`, `urlVideo`,`idYoutube`, `authorVideo`) VALUES (NULL, 'La POO en PHP (13/31) : TP : Connexion à la base de donnée', '2284', '0', '...', null,'weE2adYHPG0', 'Grafikart');
INSERT INTO `video` (`idVideo`, `titleVideo`, `durationVideo`, `priceVideo`, `descriptionVideo`, `urlVideo`,`idYoutube`, `authorVideo`) VALUES (NULL, 'La POO en PHP (14/31) : TP : Création des classes Table', '2344', '0', '...', null,'3pACUHqop9U', 'Grafikart');
INSERT INTO `video` (`idVideo`, `titleVideo`, `durationVideo`, `priceVideo`, `descriptionVideo`, `urlVideo`,`idYoutube`, `authorVideo`) VALUES (NULL, 'La POO en PHP (15/31) : TP : Problèmes d''organisation', '119', '0', '...', null,'8ylOLaKPkB8','Grafikart');

/* videos Youtube JAVASCRIPT */

INSERT INTO `video` (`idVideo`, `titleVideo`, `durationVideo`, `priceVideo`, `descriptionVideo`, `urlVideo`,`idYoutube`, `authorVideo`) VALUES (NULL, 'COURS COMPLET JAVASCRIPT [1/65] - Présentation du cours JavaScript', '108', '0', 'Présentation de la formation', null,'VZLflMqC6dI', 'Pierre Giraud');
INSERT INTO `video` (`idVideo`, `titleVideo`, `durationVideo`, `priceVideo`, `descriptionVideo`, `urlVideo`,`idYoutube`, `authorVideo`) VALUES (NULL, 'COURS COMPLET JAVASCRIPT [2/65] - Introduction au JavaScript', '200', '0', '...', null,'lDO14MA0C_o', 'Pierre Giraud');
INSERT INTO `video` (`idVideo`, `titleVideo`, `durationVideo`, `priceVideo`, `descriptionVideo`, `urlVideo`,`idYoutube`, `authorVideo`) VALUES (NULL, 'COURS COMPLET JAVASCRIPT [3/65] - Environnement de travail', '92', '0', '...', null,'dNIJUmjZeMI', 'Pierre Giraud');
INSERT INTO `video` (`idVideo`, `titleVideo`, `durationVideo`, `priceVideo`, `descriptionVideo`, `urlVideo`,`idYoutube`, `authorVideo`) VALUES (NULL, 'COURS COMPLET JAVASCRIPT [4/65] - Où écrire le code JavaScript', '576', '0', '...', null,'gpdierJ5-kw', 'Pierre Giraud');
INSERT INTO `video` (`idVideo`, `titleVideo`, `durationVideo`, `priceVideo`, `descriptionVideo`, `urlVideo`,`idYoutube`, `authorVideo`) VALUES (NULL, 'COURS COMPLET JAVASCRIPT [5/65] - Syntaxe, indentation et commentaires', '450', '0', '...', null,'AtUwagcoDL8','Pierre Giraud');

/* videos payantes stockage données Android sur disque*/

INSERT INTO `video` (`idVideo`, `titleVideo`, `durationVideo`, `priceVideo`, `descriptionVideo`, `urlVideo`,`idYoutube`, `authorVideo`) VALUES (NULL, 'COURS STOCKAGE ANDROID [1/5] - Les préférences', '606', '1', 'Présentation de la formation Android', 'Android/08_1_preferences',null, 'Alphorm.com');
INSERT INTO `video` (`idVideo`, `titleVideo`, `durationVideo`, `priceVideo`, `descriptionVideo`, `urlVideo`,`idYoutube`, `authorVideo`) VALUES (NULL, 'COURS STOCKAGE ANDROID [2/5] - Le stockage interne', '596', '3', '...', 'Android/08_2_stockage_interne',null, 'Alphorm.com');
INSERT INTO `video` (`idVideo`, `titleVideo`, `durationVideo`, `priceVideo`, `descriptionVideo`, `urlVideo`,`idYoutube`, `authorVideo`) VALUES (NULL, 'COURS STOCKAGE ANDROID [3/5] - Le stockage externe', '725', '3', '...', 'Android/08_3_stockage_externe',null, 'Alphorm.com');
INSERT INTO `video` (`idVideo`, `titleVideo`, `durationVideo`, `priceVideo`, `descriptionVideo`, `urlVideo`,`idYoutube`, `authorVideo`) VALUES (NULL, 'COURS STOCKAGE ANDROID [4/5] - Les bases SQLite', '850', '3', '...', 'Android/08_4_les_bases_SQLite', null, 'Alphorm.com');
INSERT INTO `video` (`idVideo`, `titleVideo`, `durationVideo`, `priceVideo`, `descriptionVideo`, `urlVideo`,`idYoutube`, `authorVideo`) VALUES (NULL, 'COURS STOCKAGE ANDROID [5/5] - Interface pour les préférences', '753', '3', '...', 'Android/08_5_interface_pour_les_preferences', null,'Alphorm.com');

/* vidéos payantes stockage données DesignPattern sur disque */

INSERT INTO `video` (`idVideo`, `titleVideo`, `durationVideo`, `priceVideo`, `descriptionVideo`, `urlVideo`,`idYoutube`, `authorVideo`) VALUES (NULL, 'COURS DESIGN PATTERN [1/4] - Découvrir les design patterns', '69', '1', 'Présentation de la formation sur les design patterns', 'DesignPattern/FR_733_000_Decouvrir_les_design_patterns',null, 'Alphorm.com');
INSERT INTO `video` (`idVideo`, `titleVideo`, `durationVideo`, `priceVideo`, `descriptionVideo`, `urlVideo`,`idYoutube`, `authorVideo`) VALUES (NULL, 'COURS DESIGN PATTERN [2/4] - Appréhender la classification', '291', '2', '...', 'DesignPattern/FR_733_01_01_Apprehender_la_classification',null, 'Alphorm.com');
INSERT INTO `video` (`idVideo`, `titleVideo`, `durationVideo`, `priceVideo`, `descriptionVideo`, `urlVideo`,`idYoutube`, `authorVideo`) VALUES (NULL, 'COURS DESIGN PATTERN [3/4] - Les classes et les objets', '282', '2', '...', 'DesignPattern/FR_733_01_02_Les_classes_et_les_objets',null, 'Alphorm.com');
INSERT INTO `video` (`idVideo`, `titleVideo`, `durationVideo`, `priceVideo`, `descriptionVideo`, `urlVideo`,`idYoutube`, `authorVideo`) VALUES (NULL, 'COURS DESIGN PATTERN [4/4] - Connaître l''encapsulation', '337', '2', '...', 'DesignPattern/FR_733_01_03_Connaitre_l_encapsulation', null, 'Alphorm.com');


/*********************************** TAG *****************************************/

INSERT INTO `tag` (`idTag`, `titleTag`) VALUES (NULL, 'prog');
INSERT INTO `tag` (`idTag`, `titleTag`) VALUES (NULL, 'objet');
INSERT INTO `tag` (`idTag`, `titleTag`) VALUES (NULL, 'poo');
INSERT INTO `tag` (`idTag`, `titleTag`) VALUES (NULL, 'php');
INSERT INTO `tag` (`idTag`, `titleTag`) VALUES (NULL, 'javascript');
INSERT INTO `tag` (`idTag`, `titleTag`) VALUES (NULL, 'android');
INSERT INTO `tag` (`idTag`, `titleTag`) VALUES (NULL, 'design pattern');


/************************************ VIDEO_TAG ************************************/

/* videos Youtube PHP*/
INSERT INTO `video_tag` (`idTag`, `idVideo`) VALUES ('1', '1');
INSERT INTO `video_tag` (`idTag`, `idVideo`) VALUES ('1', '2');
INSERT INTO `video_tag` (`idTag`, `idVideo`) VALUES ('1', '3');
INSERT INTO `video_tag` (`idTag`, `idVideo`) VALUES ('1', '4');
INSERT INTO `video_tag` (`idTag`, `idVideo`) VALUES ('1', '5');
INSERT INTO `video_tag` (`idTag`, `idVideo`) VALUES ('1', '6');
INSERT INTO `video_tag` (`idTag`, `idVideo`) VALUES ('1', '7');
INSERT INTO `video_tag` (`idTag`, `idVideo`) VALUES ('1', '8');
INSERT INTO `video_tag` (`idTag`, `idVideo`) VALUES ('1', '9');
INSERT INTO `video_tag` (`idTag`, `idVideo`) VALUES ('1', '10');
INSERT INTO `video_tag` (`idTag`, `idVideo`) VALUES ('1', '11');
INSERT INTO `video_tag` (`idTag`, `idVideo`) VALUES ('1', '12');
INSERT INTO `video_tag` (`idTag`, `idVideo`) VALUES ('1', '13');
INSERT INTO `video_tag` (`idTag`, `idVideo`) VALUES ('1', '14');
INSERT INTO `video_tag` (`idTag`, `idVideo`) VALUES ('1', '15');
INSERT INTO `video_tag` (`idTag`, `idVideo`) VALUES ('1', '16');
INSERT INTO `video_tag` (`idTag`, `idVideo`) VALUES ('1', '17');
INSERT INTO `video_tag` (`idTag`, `idVideo`) VALUES ('1', '18');
INSERT INTO `video_tag` (`idTag`, `idVideo`) VALUES ('1', '19');
INSERT INTO `video_tag` (`idTag`, `idVideo`) VALUES ('1', '20');

INSERT INTO `video_tag` (`idTag`, `idVideo`) VALUES ('2', '1');
INSERT INTO `video_tag` (`idTag`, `idVideo`) VALUES ('2', '2');
INSERT INTO `video_tag` (`idTag`, `idVideo`) VALUES ('2', '3');
INSERT INTO `video_tag` (`idTag`, `idVideo`) VALUES ('2', '4');
INSERT INTO `video_tag` (`idTag`, `idVideo`) VALUES ('2', '5');
INSERT INTO `video_tag` (`idTag`, `idVideo`) VALUES ('2', '6');
INSERT INTO `video_tag` (`idTag`, `idVideo`) VALUES ('2', '7');
INSERT INTO `video_tag` (`idTag`, `idVideo`) VALUES ('2', '8');
INSERT INTO `video_tag` (`idTag`, `idVideo`) VALUES ('2', '9');
INSERT INTO `video_tag` (`idTag`, `idVideo`) VALUES ('2', '10');
INSERT INTO `video_tag` (`idTag`, `idVideo`) VALUES ('2', '11');
INSERT INTO `video_tag` (`idTag`, `idVideo`) VALUES ('2', '12');
INSERT INTO `video_tag` (`idTag`, `idVideo`) VALUES ('2', '13');
INSERT INTO `video_tag` (`idTag`, `idVideo`) VALUES ('2', '14');
INSERT INTO `video_tag` (`idTag`, `idVideo`) VALUES ('2', '15');

INSERT INTO `video_tag` (`idTag`, `idVideo`) VALUES ('3', '1');
INSERT INTO `video_tag` (`idTag`, `idVideo`) VALUES ('3', '2');
INSERT INTO `video_tag` (`idTag`, `idVideo`) VALUES ('3', '3');
INSERT INTO `video_tag` (`idTag`, `idVideo`) VALUES ('3', '4');
INSERT INTO `video_tag` (`idTag`, `idVideo`) VALUES ('3', '5');
INSERT INTO `video_tag` (`idTag`, `idVideo`) VALUES ('3', '6');
INSERT INTO `video_tag` (`idTag`, `idVideo`) VALUES ('3', '7');
INSERT INTO `video_tag` (`idTag`, `idVideo`) VALUES ('3', '8');
INSERT INTO `video_tag` (`idTag`, `idVideo`) VALUES ('3', '9');
INSERT INTO `video_tag` (`idTag`, `idVideo`) VALUES ('3', '10');
INSERT INTO `video_tag` (`idTag`, `idVideo`) VALUES ('3', '11');
INSERT INTO `video_tag` (`idTag`, `idVideo`) VALUES ('3', '12');
INSERT INTO `video_tag` (`idTag`, `idVideo`) VALUES ('3', '13');
INSERT INTO `video_tag` (`idTag`, `idVideo`) VALUES ('3', '14');
INSERT INTO `video_tag` (`idTag`, `idVideo`) VALUES ('3', '15');

INSERT INTO `video_tag` (`idTag`, `idVideo`) VALUES ('4', '1');
INSERT INTO `video_tag` (`idTag`, `idVideo`) VALUES ('4', '2');
INSERT INTO `video_tag` (`idTag`, `idVideo`) VALUES ('4', '3');
INSERT INTO `video_tag` (`idTag`, `idVideo`) VALUES ('4', '4');
INSERT INTO `video_tag` (`idTag`, `idVideo`) VALUES ('4', '5');
INSERT INTO `video_tag` (`idTag`, `idVideo`) VALUES ('4', '6');
INSERT INTO `video_tag` (`idTag`, `idVideo`) VALUES ('4', '7');
INSERT INTO `video_tag` (`idTag`, `idVideo`) VALUES ('4', '8');
INSERT INTO `video_tag` (`idTag`, `idVideo`) VALUES ('4', '9');
INSERT INTO `video_tag` (`idTag`, `idVideo`) VALUES ('4', '10');
INSERT INTO `video_tag` (`idTag`, `idVideo`) VALUES ('4', '11');
INSERT INTO `video_tag` (`idTag`, `idVideo`) VALUES ('4', '12');
INSERT INTO `video_tag` (`idTag`, `idVideo`) VALUES ('4', '13');
INSERT INTO `video_tag` (`idTag`, `idVideo`) VALUES ('4', '14');
INSERT INTO `video_tag` (`idTag`, `idVideo`) VALUES ('4', '15');

/* videos Youtube JAVASCRIPT*/

INSERT INTO `video_tag` (`idTag`, `idVideo`) VALUES ('5', '16');
INSERT INTO `video_tag` (`idTag`, `idVideo`) VALUES ('5', '17');
INSERT INTO `video_tag` (`idTag`, `idVideo`) VALUES ('5', '18');
INSERT INTO `video_tag` (`idTag`, `idVideo`) VALUES ('5', '19');
INSERT INTO `video_tag` (`idTag`, `idVideo`) VALUES ('5', '20');

/* videos disque ANDROID */

INSERT INTO `video_tag` (`idTag`, `idVideo`) VALUES ('6', '21');
INSERT INTO `video_tag` (`idTag`, `idVideo`) VALUES ('6', '22');
INSERT INTO `video_tag` (`idTag`, `idVideo`) VALUES ('6', '23');
INSERT INTO `video_tag` (`idTag`, `idVideo`) VALUES ('6', '24');
INSERT INTO `video_tag` (`idTag`, `idVideo`) VALUES ('6', '25');

/* videos disque DESIGN PATTERN */

INSERT INTO `video_tag` (`idTag`, `idVideo`) VALUES ('7', '26');
INSERT INTO `video_tag` (`idTag`, `idVideo`) VALUES ('7', '27');
INSERT INTO `video_tag` (`idTag`, `idVideo`) VALUES ('7', '28');
INSERT INTO `video_tag` (`idTag`, `idVideo`) VALUES ('7', '29');

/**************************************** THEME *********************************/

INSERT INTO `theme` (`idTheme`, `titleTheme`) VALUES (NULL, 'PHP');
INSERT INTO `theme` (`idTheme`, `titleTheme`) VALUES (NULL, 'JAVASCRIPT');
INSERT INTO `theme` (`idTheme`, `titleTheme`) VALUES (NULL, 'ANDROID');
INSERT INTO `theme` (`idTheme`, `titleTheme`) VALUES (NULL, 'DESIGN PATTERN');

/**************************************** VIDEO_THEME **************************************/

INSERT INTO `video_theme` (`idVideo`, `idTheme`) VALUES ('1', '1');
INSERT INTO `video_theme` (`idVideo`, `idTheme`) VALUES ('2', '1');
INSERT INTO `video_theme` (`idVideo`, `idTheme`) VALUES ('3', '1');
INSERT INTO `video_theme` (`idVideo`, `idTheme`) VALUES ('4', '1');
INSERT INTO `video_theme` (`idVideo`, `idTheme`) VALUES ('5', '1');
INSERT INTO `video_theme` (`idVideo`, `idTheme`) VALUES ('6', '1');
INSERT INTO `video_theme` (`idVideo`, `idTheme`) VALUES ('7', '1');
INSERT INTO `video_theme` (`idVideo`, `idTheme`) VALUES ('8', '1');
INSERT INTO `video_theme` (`idVideo`, `idTheme`) VALUES ('9', '1');
INSERT INTO `video_theme` (`idVideo`, `idTheme`) VALUES ('10', '1');
INSERT INTO `video_theme` (`idVideo`, `idTheme`) VALUES ('11', '1');
INSERT INTO `video_theme` (`idVideo`, `idTheme`) VALUES ('12', '1');
INSERT INTO `video_theme` (`idVideo`, `idTheme`) VALUES ('13', '1');
INSERT INTO `video_theme` (`idVideo`, `idTheme`) VALUES ('14', '1');
INSERT INTO `video_theme` (`idVideo`, `idTheme`) VALUES ('15', '1');

INSERT INTO `video_theme` (`idVideo`, `idTheme`) VALUES ('16', '2');
INSERT INTO `video_theme` (`idVideo`, `idTheme`) VALUES ('17', '2');
INSERT INTO `video_theme` (`idVideo`, `idTheme`) VALUES ('18', '2');
INSERT INTO `video_theme` (`idVideo`, `idTheme`) VALUES ('19', '2');
INSERT INTO `video_theme` (`idVideo`, `idTheme`) VALUES ('20', '2');

INSERT INTO `video_theme` (`idVideo`, `idTheme`) VALUES ('21', '3');
INSERT INTO `video_theme` (`idVideo`, `idTheme`) VALUES ('22', '3');
INSERT INTO `video_theme` (`idVideo`, `idTheme`) VALUES ('23', '3');
INSERT INTO `video_theme` (`idVideo`, `idTheme`) VALUES ('24', '3');
INSERT INTO `video_theme` (`idVideo`, `idTheme`) VALUES ('25', '3');

INSERT INTO `video_theme` (`idVideo`, `idTheme`) VALUES ('26', '4');
INSERT INTO `video_theme` (`idVideo`, `idTheme`) VALUES ('27', '4');
INSERT INTO `video_theme` (`idVideo`, `idTheme`) VALUES ('28', '4');
INSERT INTO `video_theme` (`idVideo`, `idTheme`) VALUES ('29', '4');

/*****************************ABONNEMENTS**********************************************/
INSERT INTO `subscription` (`priceSubscription`, `durationSubscription`, `typeSubscription`, `nbDaysTrial`) VALUES ('10', '30','1', NULL);
INSERT INTO `subscription` (`priceSubscription`, `durationSubscription`, `typeSubscription`, `nbDaysTrial`) VALUES ('20', '60','2', NULL);
INSERT INTO `subscription` (`priceSubscription`, `durationSubscription`, `typeSubscription`, `nbDaysTrial`) VALUES ('30', '90','3', NULL);